height_cm,weight_kg,label
172,58.2,0
181,84.7,1
163,51.4,0
186,91.3,1
174,60.1,0
178,82.5,1
159,47.3,0
191,96.8,1
168,54.6,0
183,88.2,1
175,61.5,0
180,83.9,1
161,49.8,0
188,92.6,1
170,56.7,0
177,79.4,1
156,44.1,0
193,99.1,1
166,53.2,0
185,89.7,1
173,59.4,0
179,81.6,1
164,52.1,0
189,93.5,1
171,57.5,0
176,77.8,1
158,46.5,0
190,95.4,1
167,54.1,0
182,86.3,1
176,62.3,0
184,87.1,1
162,50.6,0
187,90.5,1
169,55.3,0
179,80.8,1
155,42.8,0
192,97.9,1
165,52.7,0
184,88.6,1
174,60.8,0
178,83.2,1
160,48.5,0
189,94.2,1
171,57.1,0
175,76.5,1
157,45.2,0
194,101.2,1
168,54.9,0
181,85.4,1
177,63.1,0
183,87.8,1
163,51.9,0
186,91.9,1
170,56.2,0
176,78.6,1
154,41.3,0
191,96.1,1
166,53.7,0
182,86.9,1
172,58.8,0
180,82.9,1
161,49.2,0
188,93.1,1
169,55.8,0
177,80.1,1
159,47.8,0
192,98.5,1
164,52.4,0
185,90.2,1
173,59.9,0
179,81.9,1
162,50.1,0
187,91.1,1
171,57.9,0
175,77.2,1
156,44.7,0
190,94.8,1
167,54.4,0
181,84.9,1
175,61.1,0
184,87.6,1
160,48.9,0
189,93.8,1
168,55.1,0
178,82.1,1
155,43.4,0
193,99.7,1
165,53.0,0
183,88.4,1
174,60.4,0
177,80.4,1
163,51.1,0
186,90.8,1
170,56.9,0
176,79.1,1
158,46.0,0
191,97.3,1
166,53.4,0
182,85.8,1
173,59.1,0
180,83.5,1
161,49.5,0
188,92.3,1
169,55.6,0
179,81.2,1
157,45.6,0
192,98.9,1
164,52.9,0
184,89.1,1
172,58.5,0
178,82.7,1
162,50.9,0
187,91.6,1
171,57.3,0
175,76.9,1
154,41.9,0
190,95.9,1
167,54.7,0
181,86.0,1
176,62.7,0
183,87.3,1
160,48.1,0
189,94.5,1
168,54.3,0
177,78.9,1
159,47.0,0
193,100.5,1
165,52.5,0
182,86.5,1
174,61.3,0
179,81.4,1
163,51.6,0
185,89.4,1
170,56.4,0
176,78.1,1
156,44.3,0
191,96.5,1
166,53.9,0
181,84.4,1
173,59.6,0
180,83.1,1
161,49.9,0
188,92.8,1
169,55.0,0
178,80.9,1
155,42.5,0
192,98.1,1
164,52.2,0
184,88.1,1
171,58.1,0
177,79.7,1
158,46.8,0
190,95.1,1
167,53.8,0
183,87.9,1
175,61.9,0
186,91.4,1
162,50.4,0
189,93.4,1
168,54.5,0
179,82.4,1
154,41.0,0
194,103.8,1
165,52.8,0
182,85.4,1
172,58.0,0
178,82.0,1
160,48.4,0
187,90.4,1
170,55.9,0
175,76.2,1
157,44.9,0
193,99.3,1
166,53.1,0
181,85.1,1
174,60.0,0
183,86.8,1
163,50.7,0
188,93.4,1
169,55.4,0
177,79.2,1
159,47.4,0
191,97.7,1
164,51.8,0
185,89.9,1
173,58.9,0
179,80.6,1
161,48.8,0
186,92.2,1
171,57.0,0
176,77.4,1
156,43.9,0
190,96.3,1
167,54.2,0
180,84.3,1
176,62.1,0
184,87.0,1
162,49.7,0
189,94.9,1
168,54.8,0
178,83.6,1
155,43.0,0
192,99.9,1
165,53.3,0
183,88.9,1
172,59.3,0
177,80.0,1
160,47.7,0
187,91.9,1
170,57.2,0
175,77.7,1
158,45.7,0
194,102.1,1
166,53.6,0
182,87.4,1
